63ede64c-32fe-11ec-b150-302432697a3e.jpg,['HVY:5774']
be1cca86-32fe-11ec-9849-302432697a3e.jpg,[]
d716ad54-32fe-11ec-beb9-302432697a3e.jpg,[]
d8741574-32fe-11ec-bc03-302432697a3e.jpg,[]
d9bc9eba-32fe-11ec-8b8c-302432697a3e.jpg,[]
db06b8fe-32fe-11ec-ada6-302432697a3e.jpg,['NUI6 REG']
dc4d7778-32fe-11ec-adcc-302432697a3e.jpg,['NUI6 REG']
dd90f214-32fe-11ec-870c-302432697a3e.jpg,['NUI6 REG']
ded38a00-32fe-11ec-a55e-302432697a3e.jpg,['NUI6 REG']
04637174-32ff-11ec-84c3-302432697a3e.jpg,[]
05b4c2fa-32ff-11ec-84b9-302432697a3e.jpg,[]
071b411c-32ff-11ec-909b-302432697a3e.jpg,[]
087c4b74-32ff-11ec-a3b5-302432697a3e.jpg,[]
09d7690a-32ff-11ec-9571-302432697a3e.jpg,[]
0b1b769e-32ff-11ec-8558-302432697a3e.jpg,[]
0c5e44b0-32ff-11ec-9bdb-302432697a3e.jpg,[]
21962c54-32ff-11ec-b3de-302432697a3e.jpg,[]
23122b3e-32ff-11ec-af53-302432697a3e.jpg,['HZIz CDK']
2e9f15ba-32ff-11ec-85d1-302432697a3e.jpg,[]
31a8b97a-32ff-11ec-9259-302432697a3e.jpg,[]
3308fa4a-32ff-11ec-94bf-302432697a3e.jpg,[]
34926f76-32ff-11ec-8a12-302432697a3e.jpg,[]
35d2f376-32ff-11ec-b5cb-302432697a3e.jpg,[]
371bdd8c-32ff-11ec-99c2-302432697a3e.jpg,[]
38707a12-32ff-11ec-8b2f-302432697a3e.jpg,[]
39b7acec-32ff-11ec-ae3a-302432697a3e.jpg,[]
3af70ef6-32ff-11ec-be2e-302432697a3e.jpg,['HZIz CDK']
3c4704c0-32ff-11ec-8715-302432697a3e.jpg,[]
3d977994-32ff-11ec-934f-302432697a3e.jpg,[]
3edf3fee-32ff-11ec-a574-302432697a3e.jpg,[]
